departement,circo,nomDepartement,nom1,prenom1,prenomNom1,twitter,instagram,facebook,facebookUrl,site,boucle
1,101,Ain,Gueraud,Sébastien,,SGuraud,,,,,
1,102,Ain,Meyer,Maxime,Q516375,MaximeMeyer01,maximemeyer01,,,,https://chat.whatsapp.com/C2rvetzaYeh6nREjA4oGpU
1,103,Ain,Jolie,Christian,,,,chr.jolie,,,
1,104,Ain,Liotier,Charline,,,,,,,
1,105,Ain,Pisani,Florence,,NupesAin5e,,NFPAin5e,,,
2,201,Aisne,Culioli,Charles,,,,,,,
2,202,Aisne,Dujancourt,Anne-Sophie,,,,,,,
2,203,Aisne,Bricout,Jean-Louis,Q3166655,,,,,,
2,204,Aisne,Prié,Lola,,,,,,,
2,205,Aisne,Belaïd,Karim,Q102271788,,,,,,
3,301,Allier,Monnet,Yannick,Q112638039,YannickMonnet3,yannick.monnet,yannickmonnetdepute,,https://yannickmonnet.fr/,
3,302,Allier,Heritier,Louise,Q126596379,heritier_louise,,AllierInsoumise,,,https://t.me/+1c8rVHrZUhIwM2I0
3,303,Allier,Jeudi,Aline,,Frontpop0303,"
jeudi.2024",,https://www.facebook.com/profile.php?id=61561021253719,,
4,401,Alpes-de-Haute-Provence,Blanc,Félix,,BlancFelix,FELIXBLANC2024,,https://www.facebook.com/profile.php?id=61560916054783,https://felixblanc2024.com/,
4,402,Alpes-de-Haute-Provence,Walter,Léo,Q112570805,LeoWalter04,LeoWalter04,leowalter04,,https://leowalter04.fr/,https://t.me/leowalter04
5,501,Hautes-Alpes,Allemand,Marie-José,Q126688999,,,,https://www.facebook.com/share/wzJufmeribkV6RCT/,,
5,502,Hautes-Alpes,Cruz,Françis,,,,,,,
6,601,Alpes-Maritimes,Salerno,Olivier ,,OlivierSalerno,olivier_salerno,pierre.zitouni,,https://blogs.mediapart.fr/olivier-salerno/blog,
6,602,Alpes-Maritimes,Tonnerre,Leïla,,,leila.tonnerre,,https://www.facebook.com/share/RJ6d2mdK242Jxpaz/,,
6,603,Alpes-Maritimes,Pas de candicat NFP,,,,,,,,
6,604,Alpes-Maritimes,Parent,Virigine,,,,,,,
6,605,Alpes-Maritimes,Decoupigny,Fabrice,,nicedecoupigny,,,,,
6,606,Alpes-Maritimes,Mazzella,Nicole,,MazellaNicole,,,,,
6,607,Alpes-Maritimes,Meyer Abbatucci,Arthur,,UnionPopAntibes ,union_populaire_antibes,AbbatucciNUPES2022,,,
6,608,Alpes-Maritimes,Soudant,Lucia,,soudantl,lucia_soudant_candidate_cannes,UnionPopulaireLerins,,https://linktr.ee/upcannes,
6,609,Alpes-Maritimes,Garcia Abia,José ,,AbiaGarcia,,jose.garciaabia,,,
7,701,Ardèche,Saulignac,Hervé,Q19958573,hsaulignac,hsaulignac,hervesaulignac.fr,,http://www.hervesaulignac.fr/,
7,702,Ardèche,Victory,Michèle ,Q44742365,victory_michele,michelevictory2024,michele.victory.5,,,
7,703,Ardèche,Pallot,Florence,,,,,https://www.facebook.com/profile.php?id=61561043194555,,
8,801,Ardennes,Lerouge,Damien,,,,,,,
8,802,Ardennes,Loyez,Gilles,,NUPES0802,,,https://www.facebook.com/profile.php?id=100081249189965,,
8,803,Ardennes,Perrin,Sophie,Q59690445,,,,,,
9,901,Ariège,,,,,,,,,
9,902,Ariège,,,,,,,,,
10,1001,Aube,Barry,Alice,,,,,,,
10,1002,Aube,Sebbari,Samira,,,,,,,
10,1003,Aube,Girardin,Olivier,Q62663955,,,,,,
11,1101,Aude,Poutou,Philippe,Q2631198,PhilippePoutou,philippepoutou_officiel,poutou.philippe,,,
11,1102,Aude,Thivent,Viviane,Q117387145,vaivethi,vthivent,viviane.thivent,,https://www.thivent2022.fr/,
11,1103,Aude,Andrieu,Philippe,,,,,https://www.facebook.com/profile.php?id=61560577485710,,
12,1201,Aveyron,Thebault,Léon,,LeonThebault,leon.thebault,leon.thebault.31,,,
12,1202,Aveyron,Alexandre,Laurent,,laualexandre12,depute_laurentalexandre,LaurentAlexandre2022,,https://www.laurent-alexandre.fr/,https://t.me/+77tGd75rFBgxMGNk
12,1203,Aveyron,Bouigue,Richard,Q122863863,RichardBouigue,richardbouigue,richard.bouigue,,,
13,1301,Bouches-du-Rhône,Lecorché ,Pascaline ,,p_lecorche,,,,,
13,1302,Bouches-du-Rhône,Lhardit,Laurent,Q118546910,LaurentLhardit,,,,,
13,1303,Bouches-du-Rhône,Kessaci,Amine ,Q111367946,kessaciamine1,,,,,
13,1304,Bouches-du-Rhône,Bompard,Manuel,Q29575749,mbompard,,,,,
13,1305,Bouches-du-Rhône,Popelard,Allan,Q126689307,,,,,,
13,1306,Bouches-du-Rhône,Juste,Christine,,cjuste13,cjuste13,christine.juste.921,,https://www.christine-juste.fr/,
13,1307,Bouches-du-Rhône,Delogu,Sébastien,Q112640278,sebastiendelogu,sebastien_delogu,delogusebastien,,,
13,1308,Bouches-du-Rhône,Beddock,Alexandre ,,Abeddock,,,,,
13,1309,Bouches-du-Rhône,Ougourlou-Oglou,Bernard,,,,NouveauFrontPopulaire.13.9,,,
13,1310,Bouches-du-Rhône,Bessaih,Jimmy,Q112652864,MarinaMesure,marina.mesure,MarinaMesureFi,,,
13,1311,Bouches-du-Rhône,Pena,Marc,,,marylineczurka2024,,,,
13,1312,Bouches-du-Rhône,Czurka,Maryline,,,,,,,
13,1313,Bouches-du-Rhône,Dharreville,Pierre,Q30334188,pdharreville,pierre_dharreville,pdharreville,,http://pierredharreville.org/,
13,1314,Bouches-du-Rhône,Ciot,Jean-David,Q1281946,,,,,,
13,1315,Bouches-du-Rhône,Aidarous,Wassila,,,,,,,
13,1316,Bouches-du-Rhône,Koukas,Nicolas,Q63764565,nicolaskoukas,nicolas_koukas,,https://www.facebook.com/profile.php?id=61561217511471,,
14,1401,Calvados,Fourreau,Emma,Q126372922,emma_frr,emma.fourreau,EmmaFourreau2022,,,
14,1402,Calvados,Delaporte,Arthur,Q112641115,ArthurDelaporte,arthurdelaporte,,https://whttps//www.facebook.com/ArthurDelaporteDeputeww.facebook.com/delaportearthur,,https://chat.whatsapp.com/KV43aw4dG5Z89cGELQ0p0Q
14,1403,Calvados,Truffaut,Olivier,,,,,,,
14,1404,Calvados,Mouraret,Pierre,Q65594043,PierreMouraret,,,https://www.facebook.com/profile.php?id=61560782410196,,
14,1405,Calvados,Dupont Federici,Thomas,Q98246768,,dupontfederici,thomas.dupontfederici,,https://www.bernieres-sur-mer.com/wp-content/uploads/2022/08/thomas-dupont-federici.jpg,
14,1406,Calvados,Gauchard,Noé,Q126683288,GauchardNoe,gauchardnoe,GauchardNoe,,,
15,1501,Cantal,Rueda,Véronique,,,,,,,
15,1502,Cantal,Pebay,Zoé,,,,,,,
16,1601,Charente,Pilato,René,Q116479877,PilatoRene,,,https://www.facebook.com/profile.php?id=100011328917621,,
16,1602,Charente,Ballu,Carole,,,,,,,
16,1603,Charente,Lebraud,Virginie,Q98251546,virginielebraud,,,,,
17,1701,Charente-Maritime,Soubeste,Jean-Marc,Q126679491,,soubestejeanmarc,jeanmarc.soubeste,,,
17,1702,Charente-Maritime,Biteau,Benoît,Q63348995,BenoitBiteau,biteaubenoit,benoit.biteau.9,,,
17,1703,Charente-Maritime,Barusseau,Fabrice,Q63765892,,,,,,
17,1704,Charente-Maritime,Desselles,Danièle,,,dessellesdaniele,Nouvelle-Union-Populaire-4%C3%A8me-circ-Charente-Maritime-116165417745402,,,
17,1705,Charente-Maritime,Brachet,Anne,,,,,,,
18,1801,Cher,Lefelle,Hugo,,,,,,,
18,1802,Cher,Sansu,Nicolas,Q2506441,NicolasSansu,nicolas_sansu2024,,https://m.facebook.com/profile.php?id=100086229220256,,https://docs.google.com/forms/d/e/1FAIpQLSfa_fxbnfSWogDOMRy-e-EV_c88TAhG1S-WoVRtmSVlN54jDA/viewform
18,1803,Cher,Moreira,Emma,,,,,,,
19,1901,Corrèze,Hollande,François ,Q157,fhollande,fhollande,francoishollande.fr,,,
19,1902,Corrèze,Dewaele,Amandine,,,,,,,
21,2101,Côte-d'Or,Godard,Océane,,O_charretgodard,,oceane.charretgodard,,https://www.linkedin.com/in/oc%C3%A9ane-godard-70477b15b/,
21,2102,Côte-d'Or,Hervieu,Catherine,Q112657434,CatHervieu,catherine.hervieu.9,catherine.hervieu.9,,https://21.eelv.fr/,
21,2103,Côte-d'Or,Pribetich,Pierre,Q3386685,pierrepribetich,pierrepribetich,pierrepribetich,,,
21,2104,Côte-d'Or,Jacq,Valérie,,,valeriejacq,valeriejacqduclos,,,
21,2105,Côte-d'Or,Flache,Jérôme,Q65581635,,,,,,
22,2201,Côtes-d'Armor,Gorgiard,Marion,Marion Gorgiard,MarionGorgiard,mariongorgiard,,https://www.facebook.com/profile.php?id=100081865260205,,
22,2202,Côtes-d'Armor,Dauphin,Jeremy,Q65576485,jeremydauphin,jeremydauphin2202,nfp2202,,https://frontpopulaire22-02.fr/,
22,2203,Côtes-d'Armor,Ravard,Antoine,Q126722796,AntoineRavard,,,https://www.facebook.com/profile.php?id=100078916366636,,
22,2204,Côtes-d'Armor,Lepvraud,Murielle,Q112641643,MLepvraud,,,,,
22,2205,Côtes-d'Armor,Lemaitre,Marielle,Marielle Lemaitre,,,,,,
23,2301,Creuse,Couturier,Catherine,Catherine Couturier,CouturierCathy,catherinecouturiercreuse,CatherineCouturierCreuse,,https://unionpopulaire23.avecjlmpour2022.fr/,https://t.me/CatherineCouturierCreuse
24,2401,Dordogne,Martin,Pascale,Q112641704,PascaleMartin24,pascalemartin_dordogne,PascaleMartinDeputee,,,
24,2402,Dordogne,Cathus,Christophe,Q63348927,,,,,,
24,2403,Dordogne,Druillole,Christelle,,,christelle_24460,christelle.boucaud.9,,,
24,2404,Dordogne,Peytavie,Sébastien,Q112641851,speytavie,speytavie,SebP24200,,https://www.sebastienpeytavie.fr/,https://chat.whatsapp.com/CSOMZDkAcBtGZmijKBjrLp
25,2501,Doubs,Vezies,Séverine,,SEVERINEvez,severine_vezies,severine.juliette,,https://severinevezies.fr/,
25,2502,Doubs,Voynet,Dominique,Q268669,,dominique_voynet,DominiqueVoynetFrontPop,,,https://chat.whatsapp.com/FZF9GEKcvbfKTfrh7KWF5k
25,2503,Doubs,Dayet,Virginie,Q98230051,,,,https://www.facebook.com/profile.php?id=100081471661986&rdid=ciLzgX3LgT3fkJ2K,,
25,2504,Doubs,Duvernois,Magali,Q63766242,,magaliduvernois_frontpop2024,,,,
25,2505,Doubs,Cassez,Matthieu,Matthieu Cassez,,,,,,
26,2601,Drôme,Christophle,Paul,Q96176039,,paul.christophle/,,,,https://chat.whatsapp.com/I4d0JKltPCl7B8IFWh2qqB
26,2602,Drôme,Chkeri,Karim,,karimchkeri,chkerichoukairi,karim.choukairi,,,
26,2603,Drôme,Pochon,Marie,Q112249169,MariePochon,marie.pochon,mariepochondeputee,,,
26,2604,Drôme,Pagani,Isabelle,,,,,,,
27,2701,Eure,Le Bonté,Christine,,,,christine.lebonte.3,,,https://chat.whatsapp.com/HkoO9rdfZm6DRAwMbIHxiB
27,2702,Eure,Veyri,Timour,Q63313487,,"
timour_veyri",,,,
27,2703,Eure,Turpin,Jean-Christophe,,,,,,,
27,2704,Eure,Brun,Philippe,Q112649913,p_brun,brun.philippe,philippe.d.brown,,,
27,2705,Eure,Jourdain,Pierre-Yves,,PYJourdain2022,,pyjourdain,,,
28,2801,Eure-et-Loir,Bridet ,Jean-François,,,,,,,
28,2802,Eure-et-Loir,Faveris,Nadia,,,,,,,
28,2803,Eure-et-Loir,,,,,,,,,
28,2804,Eure-et-Loir,Boëns,Sylviane,,,,,,,
29,2901,Finistère,Lebert,Grégory,,GregLebert29,gregory.lebert,gregory.lebert,,,https://chat.whatsapp.com/JGx2AoUGHxM6pA4gpQnGCp
29,2902,Finistère,Cadalen,Pierre-Yves,Q126595850,pycadalen,pycadalen,pycadalen2022,,,
29,2903,Finistère,Smolarz,Pierre,,PierreSlz,,,,,
29,2904,Finistère,Vulpiani,Sylvaine,Q63248703,Vulpiani_S,sylvaine.vulpiani/,sylvaine.vulpiani,,http://sylvaine-vulpiani.over-blog.com/,
29,2905,Finistère,Grelaud,Gladys,,gladysgrelaud,greulaudgladys,,https://www.facebook.com/people/Gladys-Grelaud/100072223496003/?eav=AfZFlNuee5w-z4b5D9BqtlFDogNM-HXyq22p9gUP1fjkEHj3i_-AkFYAsg8mw-4zZvg&_rdr=,,
29,2906,Finistère,Thomin,Mélanie,Q112639913,Mel_Thomin,melanie_thomin,MelanieThominAN,,http://melaniethomin.bzh/,
29,2907,Finistère,Harvinder,Jugdeep,,,frontpopulaire_29c7,,https://www.facebook.com/profile.php?id=61560808294028,,https://chat.whatsapp.com/DvvJ3dTOURyGmuymUD2oR3
29,2908,Finistère,Le Bon,Thomas,Q94963064,thomas_le_bon,le_bon.thom,thomaslb29,,,https://chat.whatsapp.com/CuR9T5c4aXkDQWTqAG9nNh
30,3001,Gard,Menard,Charles,,menard_menut,menard_menut,menard.menut,,,
30,3002,Gard,Guyot,Kathy,,,guyotkaty,,https://www.facebook.com/share/BCdgxuSdoni4FX6G/,,
30,3003,Gard,Oromi,Sabine,Q126608976,OromiSabine,oromi.frontpopulaire,oromi.cellier.nupes,,,https://chat.whatsapp.com/HzRq7Ps9fvrJd8mW4FWTaw
30,3004,Gard,Bord,Arnaud,,ArnaudBord_PS,arnaudbord,ArnaudBordNUPES,,,
30,3005,Gard,Sala,Michel,Q98238168,AvecMichelSala,avecmichelsala,,https://www.facebook.com/groups/5emedugard/,https://www.michelsala.fr/,https://t.me/AvecMichelSala
30,3006,Gard,Cadène,Nicolas,Q52341519,ncadene,ncadene,nicolas.cadene,,,
31,3101,Haute-Garonne,Clouet,Hadrien,Q112649548,HadrienClouet,,,,http://hadrienclouet.com/,https://t.me/victoirehautegaronne1
31,3102,Haute-Garonne,Stambach-Terrenoir ,Anne,Q112637266,Anne_Stambach,a_stambachterrenoir_,,https://www.facebook.com/profile.php?id=100009927273227,,
31,3103,Haute-Garonne,Roby,Agathe,,RobyAgathe,agatheroby,agathe.roby,,,
31,3104,Haute-Garonne,Piquemal,François,Q112110960,FraPiquemal,francoispiquemal,frantz.paco,,http://francoispiquemal.fr/,
31,3105,Haute-Garonne,Espagnolle,Sylvie,,s_espagnolle,sylvie_espagnolle,sylvie.espagnolle.1,,,https://t.me/NFP3105
31,3106,Haute-Garonne,Simion,Arnaud,Q63764899,ArnoSimion,arnaud.simion,,https://www.facebook.com/p/Arnaud-Simion-page-personnelle-100063882217428/,,
31,3107,Haute-Garonne,Bex,Christophe,Q112650053,ChristopheBex,christophe_bex,avecchristophebex,,,https://t.me/actus_BEX
31,3108,Haute-Garonne,Aviragnet,Joël,Q17350680,JAviragnet,joelaviragnet,JoelAVIRAGNET31,,,
31,3109,Haute-Garonne,Arrighi,Christine,Q112650093,ChArrighi,,christine.arrighi.39,,,
31,3110,Haute-Garonne,Oberti,Jacques,Q65594765,JacquesOberti,,obertigleyses%20(officiel%20,,,
32,3201,Gers,Levieux,Pascal,,pascal_levieux,pascallevieux,pascal.levieux.79,,,
32,3202,Gers,Taupiac,David,Q65603176,davidtaupiac,,david.taupiac,,,
33,3301,Gironde,Papin,Céline,,cpapinbdx,,,,,
33,3302,Gironde,Thierry,Nicolas,Q63349080,nthierry,nthierry,nicolas.thierry.14,,https://ntna.fr/,https://chat.whatsapp.com/GSCqst0BmSv0XyezYEeboB
33,3303,Gironde,Prud'homme,Loic,Q30339287,PrudhommeLoic,loicprudhomme.fi,LoicPrudhommeFI,,https://www.loicprudhomme2022.fr/,
33,3304,Gironde,David,Alain,Q30447134,AlainDavid_AN,adavidan33,AlainDavid2022,,,https://chat.whatsapp.com/EQE8vc2lTDzEoXqRqQ2JNb
33,3305,Gironde,Got ,Pascale ,Q3367676,,pascalegot2024,pascale.got,,,
33,3306,Gironde,Recalde,Marie,Q3292773,MarieRecalde,,marierecalde33,,,https://chat.whatsapp.com/I8XBEpnYYvzByGJCMKRbA1
33,3307,Gironde,Saint-Pasteur,Sébastien,Q63765953,,,sebastiensaintpasteur.agnesdestriau,,,https://chat.whatsapp.com/LXhjvxGKP07EraXpj5nCZZ
33,3308,Gironde,Faure,Marylène,Q126372959,marylene_faure,fauremarylene,fauremarylene,,,
33,3309,Gironde,Martinez,Corrine,,,,,,,
33,3310,Gironde,Bourgois,Pascal,,PsclBourgois,pascalbourgois_2024,PascalBourgois2024,,,
33,3311,Gironde,Fonseca,Cécilia,,FrontPop3311,,,,,
33,3312,Gironde,Feld,Mathilde,Q126596346,,,MathildeFeld3312,,,
34,3401,Hérault,Roumegas,Jean-Louis ,Q2913287,jlroumegas,jl.roumegas,roumegas,,,http://languedoc-roussillon.lesecologistes.fr/trombinoscope/3cmCX3aeUhoBhaMv9jexJo/jean-louis-roumegas
34,3402,Hérault,Oziol,Nathalie,Q112040646,NathalieOziol,,NOziol,,,
34,3403,Hérault,Dombre-Coste,Fanny,Q3066450,F_DombreCoste,,,,,
34,3404,Hérault,Rome,Sébastien,Q112635222,SebRome,sebastien_rome34,rome.sebastien,,,https://t.me/depute_rome
34,3405,Hérault,Manenc,Aurélien,Q65591650,,,,,,
34,3406,Hérault,Crozier,Magali,,UP_du_Biterrois,,insoumisbiterrois,,,
34,3407,Hérault,Blasco,Gabriel,Q115813995,GabrielBlasco34,gbrl_blsc,gabriel.blasco.31586,,,
34,3408,Hérault,Carriere,Sylvain,Q112650404,Sylv20CARRIERE,sylvain_carriere_34,lepailladindu34530,,,https://t.me/ActuSylvainCarriere
34,3409,Hérault,Belaouni,Nadia,Q112569201,NadiaBelaouni,nadia.belaouni,NadiaBelaouni34.9,,,https://t.me/+ad3mbwVGaAM3Mzk0
35,3501,Ille-et-Vilaine,Mesmeur,Marie,,MarieMesmeur,marie_mesmeur,marie.msmr,,,
35,3502,Ille-et-Vilaine,Lahais,Tristan,,tlahais,tristanlahais,tristan.lahais.3502,,,
35,3503,Ille-et-Vilaine,Rouaux,Claudia,Q63248658,claudia_rouaux,claudiarouaux,claudia.rouaux,,,
35,3504,Ille-et-Vilaine,Hignet,Mathilde,Q112642303,MathildeHignet,mathilde_hignet,MathildeHignet,,,
35,3505,Ille-et-Vilaine,Renault,Gilles,,GillesRenault35,gilles.renault35,gillesrenaultvitre,,https://gillesrenault.fr/,
35,3506,Ille-et-Vilaine,Lafaye,Elsa,,,,elsa.lafaye.3,,,
35,3507,Ille-et-Vilaine,Guivarc'H,Nicolas,,,,nicolas.guivarch.52,,,
35,3508,Ille-et-Vilaine,Bouloux,Mickaël,Q65569133,MickaelBouloux,mickael_bouloux,mickael.bouloux,,,
36,3601,Indre,Gonzalez,Eloïse,,Elo1seGonzalez,,eloisegonzalezcirco1indreunionpopulaire,,,
36,3602,Indre,Sapin,Clément,Q126694682,clement_sapin,clem.sapin,,,,
37,3701,Indre-et-Loire,Fournier,Charles,Q63488161,cfourniereelv,,CharlesFournierTours,,,
37,3702,Indre-et-Loire,Gobert,Christelle,,GobertNupes,,NUPES3702,,,https://actionpopulaire.fr/groupes/8c36ec81-eb63-4c7c-b0ba-e10a54fc492c/
37,3703,Indre-et-Loire,Barbier,Sandra,,,,,,,
37,3704,Indre-et-Loire,Baumel,Laurent,Q3219028,BaumelLaurent,,laurent.baumel,,,
37,3705,Indre-et-Loire,Coccia,Marina,,,,,,,
38,3801,Isère,Prevost,Hugo,,prevost_hugo,hugo_prevost_,,,,
38,3802,Isère,Chatelain,Cyrielle,Q112648926,Cyrielle_Chtl,cyrielle_chatelain,cyrielle.chatelain.5,,,https://t.me/+FvU-Yu3Ak5w3NWNk
38,3803,Isère,Martin,Elisa,Q50938755,ElisaMartinGre,,,,,
38,3804,Isère,Battistel,Marie-Noëlle,Q3292159,BattistelMarie,marienoellebattistel,marienoelle.battistel,,,https://chat.whatsapp.com/Db2PnqT2RkxF1X8QoObAiS
38,3805,Isère,Iordanoff,Jérémie,Q112650363,iordanoff,jeremie.iordanoff,jeremie.iordanoff,,,https://t.me/jeremieiordanoff
38,3806,Isère,Di Spigno,Yaqine,,,yaqine.dispigno,,,,
38,3807,Isère,Dichard,Dominique,,,,,,,
38,3808,Isère,Michel,Cécile,,,,,,,
38,3809,Isère,Nosbé,Sandrine,Q126688573,SNosbe,,,,,
38,3810,Isère,Richol,Joëlle ,,,,,https://www.facebook.com/profile.php?id=61561310660096,https://isere10.github.io/joelle-richol-legislatives-2024/,https://linktr.ee/3810NFP
39,3901,Jura,Brondel,Anthony,,AnthonyBrondel,,anthony.brondel,,,
39,3902,Jura,Ternant,Evelyne,,EvelyneTernant,,evelyne.ternant.7,,,
39,3903,Jura,Prat,Hervé,,,,HervePrat2022,,,https://t.me/+evngP7J4SzFkNDI0
40,4001,Landes,Lafargue ,Marie-Laure,,lafargue16,clubbasketlandes,marielaure.lafargue.5,,,
40,4002,Landes,Lespade,Jean-Marc,Q63765712,,jmlespade,jeanmarc.lespade,,,
40,4003,Landes,Vallaud,Boris,Q29021094,BorisVallaud,borisvallaud,BVallaud,,,
41,4101,Loir-et-Cher,Belkadi,Reda,,RedaBelkadi_,redabelkadi_,RedaBelkadi41,,,https://actionpopulaire.fr/groupes/0e04595b-c815-4460-b581-9419ab6e67bf/
41,4102,Loir-et-Cher,Mayer,Sylvie,Q16267154,,,,,,
41,4103,Loir-et-Cher,Petit,Noé,,NoePetit_,noepetit_41,noe.petit.376,,,https://chat.whatsapp.com/JG8ppfE2wnU0aR8iy8k1Py
42,4201,Loire,Courbon,Pierrick,Q63766071,pierrickcourbon,pierrickcourbon,pierrickcourbon,,,
42,4202,Loire,Taurinya,Andrée,Q112650830,AndreeTaurinya,andreetaurinya,AndreeTaurinya,,,
42,4203,Loire,Bony,Vincent,Q98255870,vincentbony,vincentbony,vincent.bony,,,
42,4204,Loire,Paemelaere,Bernard,,,,Loireinsoumise4,,,
42,4205,Loire,Stevenson,Ismael,,IsmaStevenson42,,stevenson.ismael,,,https://actionpopulaire.fr/groupes/eb93c6d1-3a70-4148-aa8f-417cd2e5da75/
42,4206,Loire,Olive,Marie Paule,,,,,,,
43,4301,Haute-Loire,Gacon,Céline,,GaconCelline,,,https://www.facebook.com/profile.php?id=100010841917210,,
43,4302,Haute-Loire,Chapaveire,André,Q62887704,chapaveireandre,,Andre.Chapaveire,,,https://t.me/+R8SK7BukD55lOGRk
44,4401,Loire-Atlantique,Benbrahim,Karim,,Benbrahim_K,benbrahim_kar,,https://www.facebook.com/profile.php?id=100077601530627,https://www.benbrahim.fr/,https://chat.whatsapp.com/DVUwiinRWC1AVyGLelZ3is
44,4402,Loire-Atlantique,Kerbrat,Andy,Q112650362,AndyKerbrat,andykerbrat2022,AndyKerbrat2022,,,
44,4403,Loire-Atlantique,Amiot,Ségolène,Q112650690,SegoleneAmiot,,,https://www.facebook.com/groups/280007882994295/user/827739277/,,https://t.me/+eQ02ELJdvzJkNjNk
44,4404,Loire-Atlantique,Laernoes,Julie,Q112650708,laernoes,julielaernoes,JLaernoes,,https://julielaernoes.eu/,https://t.me/+uJHlIzpxqH1iZjI8
44,4405,Loire-Atlantique,Roussel,Fabrice,,RousselFabrice,,,,,https://chat.whatsapp.com/LwMynSwhq6zHuCbEZnkDdz
44,4406,Loire-Atlantique,Raux,Jean-Claude,Q98231860,JeanClaudeRaux,jeanclauderaux_,JeanClaudeRaux2022,,,https://chat.whatsapp.com/J7JEDJfj7FaGpQcv5njL3o
44,4407,Loire-Atlantique,Mahe,Véronique,,maheveronique44,,veronique.mahe.9,,,
44,4408,Loire-Atlantique,Tavel,Matthias,Q50384786,MatthiasTavel,,MatthiasTavelfr,,,
44,4409,Loire-Atlantique,Macon,Hélène,,,,,,,https://t.me/+RsVtAr-S0QI0NjE0
44,4410,Loire-Atlantique,Viancin,Maxime ,,MaximeViancin,maxime_viancin,,https://www.facebook.com/profile.php?id=100085223333336,,https://t.me/+nipf28W4vTYyNzQ0
45,4501,Loiret,Kounowski,Ghislaine,,gkounowski,ghislainekounowski2024,GhislaineKounowski2022,,,
45,4502,Loiret,Duplessy,Emmanuel,,EmmDuplessy,emm_dup,emmanuel.duplessy45,,,
45,4503,Loiret,Verde,Clément,,,,,,,https://x.com/ClementVerde
45,4504,Loiret,Nottin,Bruno,Q126727386,BrunoNottin,nottinbruno,NottinBruno,,,
45,4505,Loiret,Boutet,Anne-Laure,,,,,,,
45,4506,Loiret,Lavialle,Christophe,Q27964762,,,christophe.lavialle,,,https://chat.whatsapp.com/KZUciiGN07REDxWEFkditQ
46,4601,Lot,Bougeard,Elsa,Q126722878,,,Nouvelle-Union-Populaire-avec-Elsa-Bougeard-L%C3%A9gislatives-2022-105791305463363,,,
46,4602,Lot,Proença,Christophe,Q63763800,,proenca.christophe,,https://www.facebook.com/profile.php?id=100069398347266,,
47,4701,Lot-et-Garonne,Vo Van,Paul,,,,,https://www.facebook.com/share/C3tmgQHKfcQ1T1N8/,,
47,4702,Lot-et-Garonne,Courrègelongue ,Christophe ,Q65575274,,christophecourregelongue,christophe.courregelongue,,,
47,4703,Lot-et-Garonne,Czapla,Xavier,,xavierczapla,christophecourregelongue,xavier.czapla,,,
48,4801,Lozère,Pantel,Sophie,Q19958474,SophiePantel,,sophie.pantel.14,,,
49,4901,Maine-et-Loire,RICHARD,Elsa,,_elsarichard,_elsarichard,,,,
49,4902,Maine-et-Loire,Métayer,Léo ,,LeoMtyr,leometayer2024,leo.metayer.16,,,
49,4903,Maine-et-Loire,Alexandre,Patrick,Q119371551,,,,,,
49,4904,Maine-et-Loire,Bouvet,Charline,,,,,,,
49,4905,Maine-et-Loire,Moreau,France,France Moreau,,francemoreau49.5,,,,
49,4906,Maine-et-Loire,Gabin,Sylvie,,,,,,,
49,4907,Maine-et-Loire,Jouanneau,Guillaume,,JOUANNEAU_G,,,,,
50,5001,Manche,Hedouin,Guillaume,Q126678549,GuillaumeHache,guillaumehache,GuillaumeHache,,,
50,5002,Manche,Grimbert,Patrick,Q126726298,FrontPop5002,nfp50sudmanche,,,,https://t.me/+_qO61JpjxlM5NGE0
50,5003,Manche,Vérove,Gaëlle,,,gaelleverovenupes,front.populaire.gaelle.verove.2024,,,
50,5004,Manche,Pic,Anna,Q63766396,PicAnna3,,AnnaPic2022,,,
51,5101,Marne,Bourgoin,Evelyne,,,,evelyne.bourgoin.330,,,
51,5102,Marne,Pirouelle,Stéphane,,,,,,,https://framaforms.org/campagne-nouveau-front-populaire-reims-1718454856
51,5103,Marne,Berthelemy,Chantal,,Berthelemy2022,berthelemy2022,,,,
51,5104,Marne,Laurent,Maxence ,Maxence  Laurent,MaxenceLRT51,maxencelrt51,lfimarne51,,,
51,5105,Marne,Berthélémy,Chantal,,,,,,,
52,5201,Haute-Marne,Lambert,Benjamin,,,,lahautemarneseleve,,,
52,5202,Haute-Marne,Viot,Ingrid,,,,,,,
53,5301,Mayenne,Garot,Guillaume,Q3119861,guillaumegarot,guillaume_garot,guillaumegarot.fr,,,
53,5302,Mayenne,Boisseau,Grégory,,Boisseau53G,gregoryboisseau2024,,,,
53,5303,Mayenne,Lefoulon,Stéphanie,,,,,,,
54,5401,Meurthe-et-Moselle,Mercier,Estelle,,EstelleMercier2,mercier_estelle,nordine.jouira,,,
54,5402,Meurthe-et-Moselle,Hablot,Stéphane,Q63765570,StephaneHablot,hablotstephane,s.hablot,,,
54,5403,Meurthe-et-Moselle,Etienne,Martine,,MartineEtienne_,martineetienne_,MartineEtienne54.3,,,
54,5404,Meurthe-et-Moselle,Bertozzi Bievelot,Barbara,,,barbara.bertozzi.bievelot,,,,
54,5405,Meurthe-et-Moselle,Potier,Dominique ,Q3035399,,,potierdominique,,,
54,5406,Meurthe-et-Moselle,Fiat,Caroline,Q30349279,CarolineFiat54,caroline_fiat,kro.epousefiat,,,
55,5501,Meuse,Guckert,Olivier,Q123264053,GuckertOlivier,olivierguckert,olivier.guckert,,,
55,5502,Meuse,Laflotte,Johan,,LaflotteJohan,johanlaflotte,johan.laflotte,,,
56,5601,Morbihan,Gallo,Anne,,,,,,,
56,5602,Morbihan,Béniguel,Jade,,jade_bngl,,,,,
56,5603,Morbihan,Dore-Lucas,Marie-Madeleine,,mdorelucas,,mariemadeleinedorelucas,,,
56,5604,Morbihan,Le Flecher,Lhéa,,,,,,,
56,5605,Morbihan,Girard,Damien,,dagodag,la_team_girard,damien.girard.98,,https://frontpopulairelorient.fr/,https://chat.whatsapp.com/EGp74TfhDP8KBwuB6P915S
56,5606,Morbihan,Baudry,Jean-Michel,,jmBaudry,,jmichelbaudry,,,
57,5701,Moselle,Felix,Vincent,Q95983065,,,,,,
57,5702,Moselle,Victorien,Nicolas,Q98233018,,,,,,
57,5703,Moselle,Leduc,Charlotte,Q112651418,CharlotteLeducV,charlotteleduc57,CharlotteLeducV,,https://charlotteleduc.fr/,https://charlotteleduc.fr/contact/
57,5704,Moselle,Girardot,Hélène,Q113089355,NFPmosellesud,frontpopulaire_mosellesud,,,,
57,5705,Moselle,Lahore,Lisa,,LisaLahore,lisa.lahore,lisa.lahore.9,,,
57,5706,Moselle,Bladt,Claire,,,,,,,
57,5707,Moselle,Muller,Luc,Q191748,2022Muller,,,,,
57,5708,Moselle,Léger,Céline,Q3010170,Celine_Leger_FI,,,,,
57,5709,Moselle,Vaisse,Brigitte,Q62664079,VaisseBrigitte,,,,,
58,5801,Nièvre,Larèpe,Brice,,,,spatzy71,,,
58,5802,Nièvre,Paul,Christian,Q681613,christianpaul58,christianpaul58,christianpaul58,,,https://chat.whatsapp.com/CwsAZ9X8CyQG5ifEkIGQst
59,5901,Nord,Aurélien,Le Coq,Q126372918,Aurelien_Le_Coq,,,,,
59,5902,Nord,Bernalicis,Ugo,Q30339370,Ugobernalicis,ugobernalicis,ugobernalicis,,https://www.ugobernalicis.fr/,
59,5903,Nord,Saint-Huile,Benjamin,Q2896216,BSaintHuile,bsainthuile,bsainthuile,,,
59,5904,Nord,Brun,Charlotte,,ch_brun,charlottebrun59,ps.charlottebrun,,,
59,5905,Nord,Delneste,Ophélie,,ODelneste,,,https://www.facebook.com/profile.php?id=100080412618671,,
59,5906,Nord,Pereira,Celia,Q126729093,CeliaPereira__,,celia.pereiira,,,
59,5907,Nord,Chouia,Karima,,karima_chouia ,karima_chouia,,,,
59,5908,Nord,Guiraud,David,,Guiraudlnd,guirauddavid,david.guiraud.50,,,
59,5909,Nord,Vidal-Sagnier,Odile,,VidalSagnierO,,ovidalsagnier,,,
59,5910,Nord,Mortreux,Leslie,,LeslieMortreux,,franceinsoumisetourcoing,,,
59,5911,Nord,Vicot,Roger,Q63764974,rvicot,rogervicot,rogervicotmairedelomme,,,
59,5912,Nord,Baudoux,Bernard,,,baudouxb,,,,
59,5913,Nord,Lacroix,Damien,,dlacroix5913,,demyan.kpect.1,,,
59,5914,Nord,Heyman,Philippine,,philippinehmn,phiphi_hmn,Philippine-Heyman-14%C3%A8me-Circonscription-du-Nord-105609758816719,,,
59,5915,Nord,Ducourant,Émilie,,DucourantE,,NouveauFrontPopulaire5915,,,
59,5916,Nord,Bruneel,Alain,Q30351244,alain_bruneel,,Alainbruneeldepute,,,
59,5917,Nord,Chereau,Frederic,,chereau,,,,,
59,5918,Nord,Maréchal,Benoît,Q2896596,,,,,,
59,5919,Nord,Brun,Cédric,,,,,,,
59,5920,Nord,Roussel,Fabien,Q30388733,Fabien_Roussel,fabien_roussel,FabienRoussel2022,,https://www.fabienroussel2022.fr/,
59,5921,Nord,Colpin,Pierrick,,,,,,,
60,6001,Oise,Lundy,Roxane,,roxane_Lundy,roxanelundy,,https://www.facebook.com/profile.php?id=100076359097299,,
60,6002,Oise,Seck,Marianne,,,,,,,
60,6003,Oise,Ka,Amadou,,amadou_ka,,,,,
60,6004,Oise,Assamti,Mohamed,,assamti_Creil,mohamedassamti,mohamed.assamti,,,
60,6005,Oise,Brassens,Bertrand,Q33182205,,,bertrand.brassens,,,
60,6006,Oise,de Fresse de Monval ,Baptiste,Q98246259,BdeMonval,,bdemonval,,,
60,6007,Oise,Pen,Loïc,Q65595609,loic_pen,https://www.tiktok.com/@loic.pen.pcf?_t=8nJR8q5Qkam&_r=1,loicpen60,,https://whatsapp.com/channel/0029VaiERWpJZg444MUMGi40,https://chat.whatsapp.com/FPKACitl0O4A5Wmt1uiKEn
61,6101,Orne,Jourdan,Chantal,Q97405844,ChantalJourdan,,,https://www.facebook.com/profile.php?id=100063989502652,,
61,6102,Orne,Sacriste,Guillaume,,,,,,,
61,6103,Orne,Helloco,Lori,Q63764513,,,lori.helloco,,,
62,6201,Pas-de-Calais,Sauvage,Jean-Michel,,,,AvecSauvage2024,,,
62,6202,Pas-de-Calais,Cousin,Alexandre,,alexnisuoc,,,,,
62,6203,Pas-de-Calais,Tellier,Jean-Marc,Q63763998,jeanmarctellier,jean.marc.tellier,JeanMarcTellier62210,,,
62,6204,Pas-de-Calais,Drain,Blandine,Q63766224,BlandineDrain,,drain.blandine,,,
62,6205,Pas-de-Calais,Barbarin,Olivier,Olivier Barbarin,,,,,,
62,6206,Pas-de-Calais,Pageaud,Aurore,,,frontpopulaire_6206,,https://www.facebook.com/profile.php?id=61560984063487,,
62,6207,Pas-de-Calais,Moussally,Jean-Pierre,,Climat_JP,jp_moussally,jp.moussally,,,
62,6208,Pas-de-Calais,Petit,Bertrand,,,,,,,
62,6209,Pas-de-Calais,Harremoes,Estelle,,,,,,,
62,6210,Pas-de-Calais,Coquerie,Sandrine,,CoquerieS,,,,,
62,6211,Pas-de-Calais,Laal,Samira,Q126689275,sam_laal,,,,,
62,6212,Pas-de-Calais,Bavay,Alain ,,Al1Bav,,,https://www.facebook.com/profile.php?id=61561375942249,,
63,6301,Puy-de-Dôme,Maximi,Marianne,Q112635593,MarianneMaximi,mariannemaximi,MaximiMarianne,,https://t.me/mariannemaximi2022,https://t.co/9BzgHm68nx
63,6302,Puy-de-Dôme,Pires Beaune,Christine,Q2413788,cpiresbeaune,christinepiresbeaune,ChristinePiresBeaune,,,
63,6303,Puy-de-Dôme,Bonnet,Nicolas,,NicolasBonnet63,nicolasbonnet63,NicolasBonnet63,,,
63,6304,Puy-de-Dôme,Goleo,Valérie,Q126595757,ValerieGoleo,goleovalerie,,https://www.facebook.com/profile.php?id=100075863154569,,
63,6305,Puy-de-Dôme,Chassaigne,André,Q517765,AndreChassaigne,chassaigneandre,AnChassaigne,,https://www.andrechassaigne.org/,
64,6401,Pyrénées-Atlantiques,Sanroman,Jean ,,sanroman_jean,jean.sanroman64.01,,,https://www.facebook.com/jean.ssanroman.7,
64,6402,Pyrénées-Atlantiques,Brunel,Julien,,JulienBrunel1,brunel_julien,,,,
64,6403,Pyrénées-Atlantiques,Losson,Joëlle,,,,,,,
64,6404,Pyrénées-Atlantiques,Echaniz,Iñaki,,Inakiechaniz,inaki_echaniz,InakiEchanizDepute,,https://www.inakiechaniz.fr/,
64,6405,Pyrénées-Atlantiques,Capdevielle ,Colette ,Q2982476,c_capdevielle,capdeviellecolette,colette.capdevielle.7,,,
64,6406,Pyrénées-Atlantiques,Dufau,Peio,,PeioIZATE,peiodufau,,,,
65,6501,Hautes-Pyrénées,Ferrer,Sylvie,Q112651749,ferrersylvie11,sylvie_ferrer65,SylvieFerrerInsoumise65,,,https://actionpopulaire.fr/groupes/f0c91e8c-327b-42bc-85db-66ded4474ff0/
65,6502,Hautes-Pyrénées,Fégné,Denis,Q65580790,,,,,,
66,6601,Pyrénées-Orientales,Daspe,Francis,,francisdaspe,,,,,
66,6602,Pyrénées-Orientales,Berrué,David,,DavidBerrue,,,,,
66,6603,Pyrénées-Orientales,Cullell,Nathalie,,NathalieCullell,,,,,
66,6604,Pyrénées-Orientales,Baraillé,Julien,,baraille66,,baraille.julien,,,
67,6701,Bas-Rhin,Regol,Sandra,Q109711972,sandraregol,Sandra.regol,sandra.regol,,http://regol.fr/,https://docs.google.com/forms/d/e/1FAIpQLSecGJzjDRO8KVJY_42LJ-Y35XT9nXpCJlQqDlYKF6SetEL25w/viewform
67,6702,Bas-Rhin,Fernandes,Emmanuel,Q112651844,EmmanFernandes,emmanuel__fernandes,FernandesNUPES2022,,https://emmanuel-fernandes.fr/,https://actionpopulaire.fr/evenements/ca0754c9-58ec-423a-96c0-6815ce1381e2/
67,6703,Bas-Rhin,Sother,Thierry,,ThierrySother,thierrysother,,https://www.facebook.com/profile.php?id=782308593,,
67,6704,Bas-Rhin,Krattinger,Raphaële,,,,,,,
67,6705,Bas-Rhin,Ruhlmann,Marc,,,,,,,
67,6706,Bas-Rhin,Andres,Didier,Q123081,,,,,,
67,6707,Bas-Rhin,Bloch,Serge,,,,,https://www.facebook.com/profile.php?id=61561257113609,,
67,6708,Bas-Rhin,Zekagh,Myriam,,ZekaghMyriam,myriamzekagh,myriamzekaghFP,,,
67,6709,Bas-Rhin,Terrien,Olivier,Q99480982,olivierterrien,olivierterrien_2024,olivier.terrien.100,,,
68,6801,Haut-Rhin,Fritsch,Aïcha,,,,,https://www.facebook.com/profile.php?id=61560994563581,,
68,6802,Haut-Rhin,Bourgeois,Lilian,,,lilian_bourgeois68,lilianbourgeois2022,,,https://t.me/+1islAgIT-XgxZTdk
68,6803,Haut-Rhin,Viroulet,Bénédicte,,NUPES6803,nouveau.front.populaire3circo,lesrustaudsaltkirch,,,
68,6804,Haut-Rhin,Fest,Simone,,,fest_simone/,,https://www.facebook.com/profile.php?id=100080874010715,,
68,6805,Haut-Rhin,El Hajjaji,Nadia,Q126722856,nadiaelhajjaji,nadia.elhajjaji,nadia.hajjaji,,,
68,6806,Haut-Rhin,Claudepierre,Florence,,,,,,,
69,6901,Rhône,Belouassa Cherifi,Anaïs,,BelouassaAnais,anaisbelouassacherifi,anais.belouassa,,https://anaisbelouassacherifi.fr/,
69,6902,Rhône,Tavernier,Boris,Q126599155,boris_tavernier,boris.tavernier/,,,,
69,6903,Rhône,Garin,Marie-Charlotte,Q112652262,MC_Garin,mc_garin,mariecharlotte.garin,,,https://t.me/mc_garin
69,6904,Rhône,Runel,Sandrine,Q85304039,SandrineRunel,sandrinerunel,SandrineRunelLyon,,,https://docs.google.com/spreadsheets/d/1V-Pyzgq8VxFx6mKW70zf8ZnPofi_FelIHYR_ll4RF0k/edit?gid=1181020121#gid=1181020121&fvid=1274368455
69,6905,Rhône,Matteucci,Fabrice,Q126679129,matteucciF,,,,,
69,6906,Rhône,Amard,Gabriel,Q3093583,gabrielamard,gabriel_amard_,gabriel.amard.5,,https://www.gabrielamard.fr/,
69,6907,Rhône,Lahmar,Abdelkader,,AK_Lahmar,abdelkader_lahmar,AbdelkaderLahmarVaulx,,,
69,6908,Rhône,Reymbaut,Anne,,Reymbaut2024,,anne.grimard.9,,,
69,6909,Rhône,Soumireu-Lartigue,Jean-Henri,,,frontpopulairebeaujolais,FrontPopulaire9emeCirco69,,,https://t.me/frontpopulaire9emecirco69
69,6910,Rhône,Perrin,Florence,,,,,,,
69,6911,Rhône,Yousfi,Abdel,Q126726315,yousfikara2024,abdel.yousfi.10,abdel.yousfi.10,,,
69,6912,Rhône,Gaillot-Durand,Lucie,Q126732044,FrontPop6912,lucie_gaillotdurand,,https://www.facebook.com/profile.php?id=100089803060122,,
69,6913,Rhône,Prandt,Victor,,Prandt_Victor,,NUPES1369,,,https://actionpopulaire.fr/groupes/235c7d1a-29c0-47f3-abee-d20a3e27133a/
69,6914,Rhône,Boumertit,Idir,Q112652345,,,idir.boumertit,,,
70,7001,Haute-Saône,Poyard,Sébastien,,,,,,,
70,7002,Haute-Saône,Houllez,Eric,,,,erichoulley61,,,
71,7101,Saône-et-Loire,Deulpeuch,Jean-Luc,,JeanLucDelpeuch,jeanluc_delpeuch,,https://www.facebook.com/profile.php?id=61560895475226,,
71,7102,Saône-et-Loire,Gautheron,Sébastien,,,,,,,
71,7103,Saône-et-Loire,Beninger,Richard,Q41742124,richardbeninger,,,,,https://chat.whatsapp.com/E9JzFN3qfj2DMRZ6mcQQlJ
71,7104,Saône-et-Loire,Untermaier,Cécile,Q3009791,ceciluntermaier,cecile_untermaier,cecile.untermaier,,https://www.cecileuntermaier.fr/,
71,7105,Saône-et-Loire,Kouriche,Fatima,,,,,,,
72,7201,Sarthe,Bonnet,Ghislaine,Q65568243,Bonnetghislain1,gigibonnet72,ghislaine.bonnet.10,,,
72,7202,Sarthe,Karamanli,Marietta,Q3293018,MKaramanli72,marietta.karamanli,MariettaKaramanli,,http://mariettakaramanli.fr/,
72,7203,Sarthe,Jack,Mathilde,,,,UnionPopulairedelaSarthe,,,
72,7204,Sarthe,Leboucher,Elise,,leboucher_elise,elise_leboucher,elise.leboucher.7204,,https://linktr.ee/elise.leboucher,
72,7205,Sarthe,Rouillon,Christophe,,ch_rouillon,christopherouillon,,https://www.facebook.com/people/Christophe-Rouillon/1612154780/,,
73,7301,Savoie,Granata,Christel,,NUPESsavoie,,search_results,,,
73,7302,Savoie,Martinot,Pascale,,,"
pmartinot_frontpopulaire_73",,,,
73,7303,Savoie,Ibanez,Daniel,,@ContactIbanez,,,https://www.facebook.com/profile.php?id=61557614462330,,
73,7304,Savoie,Coulomme,Jean-François ,Q112642209,jfcoulomme,jfcoulomme,,https://www.facebook.com/profile.php?id=100084685325583,https://jfcoulomme.fr/,https://t.me/+tRyoiSHHkr9iMGY0
74,7401,Haute-Savoie,Duval,Anne-Valérie,,AVDuval,,,,,
74,7402,Haute-Savoie,Tatu,Guillaume,Q90242867,Gtatu,guillaumetatu,loreilledetatu,,,
74,7403,Haute-Savoie,Vez,Gérard,Q126727399,Gerard_Vez_,gerard.vez,,,https://actionpopulaire.fr/groupes/148f0368-62e2-4d38-8291-0aae9acb7a29/,
74,7404,Haute-Savoie,Lachenal,Dominique,,,,,,,
74,7405,Haute-Savoie,Baud,Jean-Baptiste,,jbbaud,jeanbaptiste_baud,jeanbaptiste.baud,,,
74,7406,Haute-Savoie,Vuagnoux,Delphine,,,,,,,
75,7501,Paris,Kempf,Raphaël,Q69927194,,raphael.kempf,raphael.kempf.94,,,
75,7502,Paris,Rosset,Marine,Q126726341,MarineRosset,marine_rosset,MarineRossetParis,,,
75,7503,Paris,Balage El Mariky,Léa,Q112526631,LeaBalage,leabalage,leabalageelmariky,,,https://chat.whatsapp.com/HZX5KEMPRQqLJLMJNK5kmf
75,7504,Paris,Fourdrinier,Théa,,T_Frdr,,,,,
75,7505,Paris,Amirshahi,Pouria,Q3400568,,pouria.amirshahi,pamirshahi,,,https://chat.whatsapp.com/EJqGrvvR8a40wk47n747w2
75,7506,Paris,Chikirou,Sophia,Q28964087,chikirouparis,sochik75,SophiaChikirouParis,,,
75,7507,Paris,Gregoire,Emmanuel,Q64281962,egregoire,emmanuel_gregoire,gregoireemmanuel,,,https://chat.whatsapp.com/B7Wlz6DrEsUALr8MdJxnq1
75,7508,Paris,Sas,Eva,Q3592676,_EvaSas,_evasas,,,,
75,7509,Paris,Rousseau,Sandrine,Q21013136,sandrousseau,sandrousseau,SandrineRousseauOfficiel,,https://sandrinerousseau.fr/,https://t.me/+2Ph8aWrixXdkOThk
75,7510,Paris,Arenas,Rodrigo,,arenasrodrigo_,arenasrodrigo_,rodrigo.arenas.925,,https://rodrigoarenas.fr/,
75,7511,Paris,Hervieu,Céline,Q106489533,Celine_Hervieu,celinehervieu01,celine.hervieu01,,,https://chat.whatsapp.com/HQYY7gmLEtZB5x1ovk3iAK
75,7512,Paris,Malaisé,Céline,Q63537105,CelineMalaise,,CelineMalaise1,,,
75,7513,Paris,Niakate,Aminata,Q60317549,aminataniakate,aminataniakate75,NiakateAminata75,,,
75,7514,Paris,Rota,Hugo,,,,,,,https://chat.whatsapp.com/Kdm4KT5Q2752orqfEcWGHx
75,7515,Paris,Faites mieux !,,,,,,,,
75,7516,Paris,Legrain,Sarah,Q112448632,S_legrain,sarahlegrain,LegrainSarah,,http://sarahlegrain.fr/,
75,7517,Paris,Obono,Danièle,Q30335340,Deputee_Obono,deputee_obono,DeputeeObono,,https://deputee-obono.fr/,https://https//t.me/+CyvOG9dijjUwZTU8
75,7518,Paris,Caron,Aymeric,Q2874956,caronaymericoff,caron_aymeric,aymeric.caron.5,,,
76,7601,Seine-Maritime,Hérouin Léautey,Florence,Q126688666,Fleautey,fleautey,florence.herouinleautey,,,
76,7602,Seine-Maritime,Decorde,Vincent,,VincentDecorde,,vincent.decorde,,,https://chat.whatsapp.com/FrRLzrhCsdMCs4tzqO7GuZ
76,7603,Seine-Maritime,Bénard ,Édouard ,,,edouard_benard,edouard.b76,,,
76,7604,Seine-Maritime,Dufour,Alma,Q110998923,alma_dufour,alma_dufour,almadufour.nupes,,,https://t.me/almadufour
76,7605,Seine-Maritime,Leseul,Gérard,Q99627615,LeseulG,gerardleseul,gerard.leseul.1,,https://www.gerard-leseul.com/,https://chat.whatsapp.com/LYcojHmibpJ9pi5X0tvMkL
76,7606,Seine-Maritime,Jumel,Sébastien,Q3510156,sebastienjumel,sebastienjumel,sebastien.jumel.9,,,
76,7607,Seine-Maritime,Martin-Péréon,Florence,,,,,,,
76,7608,Seine-Maritime,Lecoq,Jean-Paul,Q602146,,jean_paul_lecoq,jplecoq76,,http://jeanpaul-lecoq.fr/,
76,7609,Seine-Maritime,Rouxel,Christiane,,,,,,,
76,7610,Seine-Maritime,Barré,Handy,,,,,,,
77,7701,Seine-et-Marne,Saint-Martin,Arnaud,Q45486323,,arsaintmartin,arnaud.saintmartin.921,,,
77,7702,Seine-et-Marne,Benaissa-Watbot,Nour,,cyranoour,"
nour.benaissawatbot",,,https://scanned.page/p/666aff4006473,https://scanned.page/666aff4006473
77,7703,Seine-et-Marne,Vallée-Hans,Laura,,,laura_vallee.hans,,,,
77,7704,Seine-et-Marne,Garnier,Mathieu,,MathieuGarnier,,,,,
77,7705,Seine-et-Marne,Caenbergs,Laurie,,LaurieCaenbergs,,,,,https://t.me/+r-ItxaX5tcoxNDU0
77,7706,Seine-et-Marne,Bentounsi,Amal,Q117619722,amalbentounsi,,,,,
77,7707,Seine-et-Marne,Soudais,Ersilia,Q112652742,ErsiliaSoudais,ersilia_soudais,esoudaisFI,,https://ersiliasoudais.fr/la7eme-circonscription-de-seine-et-marne/,
77,7708,Seine-et-Marne,Bonnet,Arnaud,,bonnetAd_Eelv,arnaudbonnet77,arnaud.bonnet.374,,,https://airtable.com/apprbZihCDuElEZAy/shrGx0pZFX7raNDfs
77,7709,Seine-et-Marne,Thiébault-Martinez,Céline,,,,,,,https://chat.whatsapp.com/CvgUl4EF7LtFbLtOfU6Vyx
77,7710,Seine-et-Marne,Laisney,Maxime,Q112652777,MaximeLaisneyFi,maximelaisneyofficiel,maximelaisneyofficiel,,,
77,7711,Seine-et-Marne,Faure,Olivier,Q3351018,faureolivier,olivierfaureparlementaire,olivierfaure77,,https://www.olivierfaure.fr/,
78,7801,Yvelines,Ramage,Sébastien,Q126680692,sebramage,sebastien_ramage,,,https://www.ramage2022.fr/,
78,7802,Yvelines,Carrive-Bedouani,Maïté,,CarriveMaite,,,,,
78,7803,Yvelines,Ciano,Thomas,,,,,,,
78,7804,Yvelines,Bourdon,Céline,,celinebdt,,insoumis78circo4,,,
78,7805,Yvelines,Benyettou,Yassine,Q126723527,yassine_benyett,yassine_benyettou,,,,
78,7806,Yvelines,Sauger,Mélinda,Q126723484,MelindaSauger,,,,https://actionpopulaire.fr/groupes/09647785-2542-47f3-a47d-b507b27c8de4/%20https://x.com/MelindaSauger,
78,7807,Yvelines,Rousseau,Aurélien,Q29738515,,,,,,
78,7808,Yvelines,Lucas,Benjamin,Q26214575,Benjam1Lucas,benjam1lucas,ben.lucas.33,,,
78,7809,Yvelines,Dieynaba,Diop,Q98556479,Dienadiopsow,Dienadiopsow,,,,
78,7810,Yvelines,Briolais,Cédric,Cédric Briolais,CBriolais,cedricbriolais,briolais.cedric,,,
78,7811,Yvelines,Martinet,William,Q16683347,WilliamMartinet,williammartinet,MartinetWilliam,,https://williammartinet.fr/,https://t.me/WilliamMartinetDepute
78,7812,Yvelines,Massiaux,Christophe,Christophe Massiaux,CMassiaux,christophemassiaux,christophe.massiaux,,,
79,7901,Deux-Sèvres,Lanzi,Nathalie,Q63349051,NathalieLanzi,nathalie_lanzi,nathalie.lanzibucero,,https://nathalielanzi.wordpress.com/me-joindre/,
79,7902,Deux-Sèvres,Batho,Delphine,Q291385,delphinebatho,delphine_batho,DelphineBatho,,,
79,7903,Deux-Sèvres,Woillez,Juliette,,JulietteWoillez,juliettewoillez,,,,
80,8001,Somme,Ruffin,François,Q3085763,Francois_Ruffin,francois_ruffin,Fran%C3%A7oisRuffin80,,https://xn--franoisruffin-lgb.fr/,https://t.me/francoisruffin
80,8002,Somme,Hamdane,Zahia,,ZahiaHamdane,hamdanezahia,zahia.hamdane.3,,,
80,8003,Somme,Deffontaines,Léon,Q111020746,L_Deffontaines,leondeffontaines,leon.deffontaines.31,,,
80,8004,Somme,Heren,Elodie,,elodieheren,,elodie.debababio,,,
80,8005,Somme,Mauget,Simon,Alice Berger,,,,,https://lafranceinsoumise.fr/2024/06/14/candidats-legislatives-2024/,
81,8101,Tarn,Lapeyre,Margot,,,,,,,
81,8102,Tarn,Erodi,Karen,Q112652886,KarenErodi,karenerodi,karen.erodi.7,,,
81,8103,Tarn,Lassalle,Julien,,julienlassalle,julienlassalle2024,julienlassalle2024,,,https://linktr.ee/julienlassalle
82,8201,Tarn-et-Garonne,Rabault,Valérie,Q3554304,Valerie_Rabault,valerierabault,ValerieRabault,,,
82,8202,Tarn-et-Garonne,Chrétien,Claudie,,,,,,,
83,8301,Var,Habouzit,Eric,,EricHabouzit,erichabouzit,,,,
83,8302,Var,Cornil,Isaline,,ICornil,,isaline.cornil,,,
83,8303,Var,Peironet-Brémond,Julia,,,julia_peironet_bremond,PeironetBremond2022,,,
83,8304,Var,Cristofani-Viglione,Sabine,,sab_cristofani,,,https://www.facebook.com/profile.php?id=100081167592102,,
83,8305,Var,Lacour,Aurelien,,,,,,,
83,8306,Var,Vinceneux,Sylvie,,,,,,,
83,8307,Var,Cartereau,Claudie,,ClaudieCar84413,,claudie.cartereauzunino.3,,,
83,8308,Var,Breffy ,Sarah ,,BreffySarah,sarahbreffy,sarahbreffy,,,
84,8401,Vaucluse,Arnault,Raphael,Q116870344,,,,,,
84,8402,Vaucluse,Sandoz,François,,FcsSdz,,francois.sdz,,,
84,8403,Vaucluse,Duenas,Muriel,,,,,,,
84,8404,Vaucluse,Galvez,Monia,,,,,,,
84,8405,Vaucluse,Celce,Céline,,CelineCelce_84_,,celine.celce,,,
85,8501,Vendée,Etonno,Lucie,Q63455953,LucieEtonno,,,,,
85,8502,Vendée,Helary,Nicolas,,,,nicolas.helary.9,,,
85,8503,Vendée,Marchand,Pascale,,,,,,,
85,8504,Vendée,Mariel-Godard,Julie,,,,JulieMarielFrontPopulaire,,,
85,8505,Vendée,Fourage,Pierre-Hugues,,,,,,,
86,8601,Vienne,Belluco,Lisa,Q112654007,LisaBelluco,,lisabelluco2022,,,
86,8602,Vienne,Soumaille,Valérie,,Circo8602,circo8602,Vienne86Circo2,,https://www.tiktok.com/@circo8602,https://t.me/+G0eev9GT1XoxZTU8
86,8603,Vienne,Jean,Gisèle ,Q65586154,gjean86,gjean86,gjean86,,https://giselejean.fr/,https://chat.whatsapp.com/LANEPzdhLEB14iuh6XeztB
86,8604,Vienne,Trouselle,Yves,,TrousselleY,y.trousselle,trousselle.yves,,,
87,8701,Haute-Vienne,Maudet,Damien,Q112635145,damienmaudt,,damienmaudt,,,
87,8702,Haute-Vienne,Delautrette,Stephane,Q63764288,SDelautrette,,,https://www.facebook.com/profile.php?id=100009065043065,https://www.stephane-delautrette.fr/,
87,8703,Haute-Vienne,Meunier,Manon,Q112653377,ManonMeunier_UP,,ManonMeunierUP87,,,
88,8801,Vosges,Perrin,Dominique,,,,,,,
88,8802,Vosges,Xicola,Julie,,,julie.xicola,,https://www.facebook.com/profile.php?id=61561020783053,,
88,8803,Vosges,Bachelart,Étienne,,,etiennebachelart,ebachelart,,,
88,8804,Vosges,Wein,François Xavier,,,,,,,
89,8901,Yonne,Loury,Florence,Q126689269,FloLoury2024,"
nfp2024_loury",florence.loury.12,,,
89,8902,Yonne,Veyssiere,Philippe,Q98251116,nupes_8902,nfp8902,nfp8902,,,
89,8903,Yonne,Soret,Nicolas,,,,,https://www.facebook.com/profile.php?id=100063488509225,,
90,9001,Territoire de Belfort,Belorgey ,Marie-Eve,,,,marieeve.belorgey,,,
90,9002,Territoire de Belfort,Chauche,Florian,Q112635154,FlorianChauche9,florian.chauche,FlorianChauche90,,,https://t.me/+VWlX-2to5qFlZGRk
91,9101,Essonne,Amrani,Farida,Q40289093,Farida_Amrani_,,AmraniFarida,,,
91,9102,Essonne,Hillaire,Mathieu,,M_HILLAIRE,mathieu_hillaire,NUPES9102,,,
91,9103,Essonne,Gustave,Steevy,,SteevyGustave,steevy_gustave,SteevyGustave.fr,,,https://chat.whatsapp.com/CMLxhstHxgCLh6euaIyr19
91,9104,Essonne,Deme,Amadou,Q2840862,amadoudeme91,,amadou.deme.1048,,,
91,9105,Essonne,Larrouturou,Pierre,Q3385791,larrouturou,pierre.larrouturou,larrouturou.pierre,,https://www.pierre-larrouturou.eu/,https://tr.ee/uiT1pkoRr_
91,9106,Essonne,Kribi-Romdhane,Hella,Q63537180,HellaKribi,hella_kribi_romdhane,hella.kribiromdhane,,,
91,9107,Essonne,Lejeune,Claire,,ClaireMLejeune,lejeune.claire,,https://www.facebook.com/profile.php?id=100076162369048,,https://chat.whatsapp.com/J4FXNZILyAQIZlolE5zW6i
91,9108,Essonne,Cernon,Bérenger,,slappy_w,,,https://www.facebook.com/profile.php?id=61560699644213,,
91,9109,Essonne,Ozenne,Julie,,OzenneJulie,,liiceanu,,,
91,9110,Essonne,Léaument,Antoine,Q62976462,aleaument,aleaument,aleaument,,https://antoineleaument.fr/,
92,9201,Hauts-de-Seine,Faucillon,Elsa,Q30349257,ElsaFaucillon,elsa.faucillon,elsafaucillondeputee,,http://elsa-faucillon.fr/,https://t.me/ElsaFaucillon
92,9202,Hauts-de-Seine,Pasquini,Francesca,Q112651177,FMPasquini,fmpasquini,FMPasquini,,https://www.francescapasquini.fr/,https://t.me/+AOLBsJDU5RVmNDRk
92,9203,Hauts-de-Seine,Dahan ,Isabelle ,Q108405351,isabelledahan92,isa92270,IsabelleDahan92,,,
92,9204,Hauts-de-Seine,Sebaihi,Sabrina,Q112651173,SabrinaSebaihi,sabrinasebaihi,sabrina.sebaihi,,,https://chat.whatsapp.com/IU3899m9ZOjBgElRkxhFWG
92,9205,Hauts-de-Seine,Pitti,Raphaël,Q112692675,raphaelpitti,raphaelpitti,raphaelpitti,,,
92,9206,Hauts-de-Seine,Muscianisi,Sihame,,,,,,,
92,9207,Hauts-de-Seine,Peyret,Lucas,,,,,,,
92,9208,Hauts-de-Seine,"Nicolas-Chavance

",Salomé,,,salome_nicolaschavance,,,,
92,9209,Hauts-de-Seine,Rapilly Ferniot,Pauline,,Pauline_RF,paulinerapillyferniot,paulinerapillyferniot92100,,https://www.avecpauline.fr/,https://chat.whatsapp.com/DTqL5uafCmH2iEM4mdorpM
92,9210,Hauts-de-Seine,Soubelet,Cécile,,cecilesou,cecile_soubelet/,soubeletcecile,,,https://chat.whatsapp.com/LUh7Kapleyi6ohouVuNgUg
92,9211,Hauts-de-Seine,Saintoul,Aurélien,Q112652876,A_Saintoul,,aurelien.saintoul,,,
92,9212,Hauts-de-Seine,Adjroud,Lounes,Q111277153,LounesA9212,,,,,
92,9213,Hauts-de-Seine,Gaillard,Brice,Q105098411,BriceGaillard,unionpop9213,Br.Gaillard,,,https://signal.group/#CjQKICUb07Yh2-tTeWxQ0qaKBcmQobwIaVK0uK4q8PDOiF7NEhC_9csUy9l2y3rM4t3Rlz30
93,9301,Seine-Saint-Denis,Coquerel,Eric,Q17485936,ericcoquerel,coquereleric,EricCoquerelPG,,https://eric-coquerel.com/,
93,9302,Seine-Saint-Denis,Peu,Stéphane,Q30380891,,,,,,
93,9303,Seine-Saint-Denis,Portes,Thomas,Q112653860,Portes_Thomas,thomas_portes,PortesThomas,,http://thomasportes93.com/,https://t.me/PortesThomas
93,9304,Seine-Saint-Denis,Bourouaha,Soumya,,,,SoumyaBourouaha9304,,,
93,9305,Seine-Saint-Denis,Faites mieux !,,,,,,,,
93,9306,Seine-Saint-Denis,Lachaud,Bastien,Q30349862,LachaudB,bastien.lachaud,LachaudB,,https://bastienlachaud.fr/,
93,9307,Seine-Saint-Denis,Faites mieux !,,,,,,,,
93,9308,Seine-Saint-Denis,Keloua-Hachi,Fatia,Q112653927,KelouaF,fatihakeloua2022,Fatiha-Keloua-Hachi-2022-111587158218062,,,
93,9309,Seine-Saint-Denis,Trouvé,Aurélie,Q2872015,TrouveAurelie,trouveaurelie93,Trouveaurelie,,,
93,9310,Seine-Saint-Denis,Abomangoli ,Nadège,Q63765036,abomangoli,,NadegeAbomangoli,,,
93,9311,Seine-Saint-Denis,Autain,Clémentine,Q2980738,Clem_Autain,clementineautain,,https://www.facebook.com/profile.php?id=100044148110691,https://clementine-autain.fr/,
93,9312,Seine-Saint-Denis,Legavre,Jérôme,Q112642707,LegavreJerome,legavre_jerome,JeromeLegavreNUPES,,,https://t.me/JLegavre
94,9401,Val-de-Marne,Louffok,Lyes ,Q81033667,LyesLouffok,lyeslfk,LyesLouffok,,,https://chat.whatsapp.com/JEz5Lukm7eKLwWT3hyoEqt
94,9402,Val-de-Marne,Guetté,Clémence,Q109969696,Clemence_Guette,clemence_guette,GuetteClemence,,,https://t.me/ClemenceGuette
94,9403,Val-de-Marne,Boyard,Louis,Q112654108,l_boyard,boyardlouis,louis.boyard.79,,,
94,9404,Val-de-Marne,Amara,Adel,,adelamara94,adelamara94,adel.amara.14,,,https://forms.gle/gRoHESkbcenxfhzy7
94,9405,Val-de-Marne,Leger,Julien,,LEGERJulien94,,julienleger94,,,
94,9406,Val-de-Marne,Bouhada,May,,bouhada_2024,may_bouhada_2024,,,,
94,9407,Val-de-Marne,Kéké,Rachel,Q109681600,KekeRachel,rachel.keke,RachelKekeOfficiel,,https://linktr.ee/rachelkeke,
94,9408,Val-de-Marne, Pereira,Joao Martins,Q126727439,MPereiraJoao,,,,,
94,9409,Val-de-Marne,Santiago,Isabelle,Q63765654,isasantiago_94,isasantiago94,isabelle.santiago.7374,,,
94,9410,Val-de-Marne,Panot,Mathilde,Q30343128,MathildePanot,mathildepanot,MathildePanotFI,,,http://t.me/mathildepanot
94,9411,Val-de-Marne,Taille-Polian,Sophie,Q41075996,STaillePolian,sophietaillepolian,staillepolian,,,https://docs.google.com/forms/d/e/1FAIpQLSdSQBfpxCo8mr3K0TCSmwUFPR2o9DkFIYPMHE5GtQ1gzzjuEA/viewform
95,9501,Val-d'Oise,Jules-Arthur,Maximilien,,maxjulesarthur,max.julesarthur,,,,
95,9502,Val-d'Oise,HADIZADEH,Ayda,,aydahadi,,ayda.hadizadeh,,,
95,9503,Val-d'Oise,Maurel,Emmanuel,Q3052795,,emmanuel_maurel,,,,https://chat.whatsapp.com/L8nrvtHxM5z3jBdmpbTs5l
95,9504,Val-d'Oise,Lacouture,Karine,,LacoutureKarine,Karinelacouture,,https://www.facebook.com/profile.php?id=100017282503037,,
95,9505,Val-d'Oise,Vannier,Paul,,PaulVannierFI,paulvannier_,,https://www.facebook.com/profile.php?id=100045672469687,,
95,9506,Val-d'Oise,Cathala,Gabrielle,,GabrielleCthl,,frontdegauche.stgratien,,https://isabellevolat.fr/,
95,9507,Val-d'Oise,Eskenazi ,Romain,Q126586721,RomainEskenazi,romain_eskenazi,,https://www.facebook.com/people/Romain-Eskenazi/552388699,http://romain-eskenazi.fr/,
95,9508,Val-d'Oise,Martens Bilongo,Carlos,Q112641003,BilongoCarlos,cm_bil,koss.niquelchrome,,,
95,9509,Val-d'Oise,Le Gall,Arnaud,Q112654178,arnaudlg89,arnaud_le_gall_,arnaud.legall.98,,,
95,9510,Val-d'Oise,Tache,Aurélien,Q30390884,Aurelientache,aurelien.tache95,AurelienTache95,,,https://t.me/aurelientacheactu
99,9901,Français établis hors de France,Laraichi,Oussama,,OussLaraichi,,GreenPass,,,
99,9902,Français établis hors de France,Coronado,Sergio,Q3479651,SergioCoronado,sergio___coronado/,SergioPabloCoronado,,,
99,9903,Français établis hors de France,Minvielle,Charlotte,Q126722222,Cha_Minvielle,charlotte.minvielle,charlotte.minvielle2022,,https://charlotteminvielle.com/,
99,9904,Français établis hors de France,Gondard,Cécilia,Q105104998,ceciliagondard,ceciliagondard,CeciliaGondard,,https://www.cecilia-gondard.fr/,
99,9905,Français établis hors de France,Da Silva,Maxime ,Q126592198,Maxime_DaSilva_,maxime_dasilva__,MaximeDaSilva76,,,https://whatsapp.com/channel/0029VadEGYGHgZWVi5CAxR3G
99,9906,Français établis hors de France,Delimi,Halina,,2022Delimi,delimi_halima,delimihalima,,https://linktr.ee/delimihalima,
99,9907,Français établis hors de France,Rharmaoui-Claquin,Asma,,ClaquinAsma,unionpopfe7,nina.tahabaqui,,,
99,9908,Français établis hors de France,Lerer,Yael,Q118212295,ylerer,yaellerer,yaellerer.fr,,https://www.yaellerer.fr/,https://chat.whatsapp.com/BnlkGx0tDEp8vyMffhdQs5
99,9909,Français établis hors de France,Ben Cheikh,Karim,Q73414972,K_BenCheikh,karim.b.cheikh,karimbcofficiel,,https://karimbencheikh.fr/,https://chat.whatsapp.com/J6bzgA3egP9A9J8aKoJ3yI
99,9910,Français établis hors de France,Di Méo,Elsa ,Q52423320,ElsaDiMeo,elsa.dimeo83,elsa.meo,,,
99,9911,Français établis hors de France,Pajot,François,Q3085504,FrPajot,,,,,
971,ZA01,Guadeloupe,Serva,Olivier,,,,,,,
971,ZA02,Guadeloupe,Baptiste,Christian,,,,,,,
971,ZA03,Guadeloupe,,,,,,,,,
971,ZA04,Guadeloupe,Califer,Elie,,,,,,,
972,ZB01,Martinique,Giovanni,William,,,,,,,
972,ZB02,Martinique,Nadaud,Marcellin,,,,,,,
972,ZB03,Martinique,Ahjjar,Johnny,,,,,,,
972,ZB04,Martinique,Nilor,Jean-Philippe,Q3168847,,jeanphilippe.nilor,,https://www.facebook.com/profile.php?id=100057988062464,,
973,ZC01,Guyane,,,,,,,,,
973,ZC02,Guyane,Rimane,Davy,Q112628915,,,,,,
974,ZD01,La Réunion,Naillet,Philippe,Q22683833,,,,,,
974,ZD02,La Réunion,Lebon,Karine,Q99670641,KarineLebon,karine_lebon_deputee,Karine.Lebon974,,https://www.karinelebon.re/,
974,ZD03,La Réunion,Chaussalet,Alexis,,a_chaussalet,alexischaussalet,alexischaussalet,,https://alexischaussalet.re/,https://actionpopulaire.fr/groupes/ddf5f510-2b6d-4038-808a-0918405549ce/
974,ZD04,La Réunion,Bidy,Emeline K,,,,,,,
974,ZD05,La Réunion,Ratenon,Jean-Hugues,Q30334352,DeputeRatenon,jeanhuguesratenon,Depute.Ratenon,,,
974,ZD06,La Réunion,Maillot,Frédéric,Q112633707,frdric_maillot,,FredericMAILLOT.LeilaLANGENIER,,,
974,ZD07,La Réunion,Gaillard,Perceval,Q112650360,,,,,,
975,ZS01,Saint-Pierre-et-Miquelon,,,,,,,,,
976,ZM01,Mayotte,Aouny,Yasmina,,,,,,,
976,ZM02,Mayotte,Bacar Adacolo,Kira,,,,,,,
977,ZX01,Saint-Martin/Saint-Barthélemy,,,,,,,,,
986,ZW01,Wallis et Futuna,,,,,,,,,
987,ZP01,Polynésie française,Le Gayic,Temata'i,,,,,,,
987,ZP02,Polynésie française,Chailloux,Steve,Q112630808,,,,,,
987,ZP03,Polynésie française,Brotherson,Moetai,Q30350575,,,,,,
988,ZN01,Nouvelle-Calédonie,,,,,,,,,
988,ZN02,Nouvelle-Calédonie,,,,,,,,,
2A,2A01,Corse-du-Sud,Suissini,Angélique,,,,,,,
2A,2A02,Corse-du-Sud,Ghislaine ,Salma,,,,,,,
2B,2B01,Haute-Corse,Bastelica,Sacha,,SachaBastelica,sacha_bastelica,sacha.bastelica,,,https://t.me/+RPOrPIkPeeAyZmVk
2B,2B02,Haute-Corse,Sassou,Brigitte,,,,,,,
